{
    "vertices":[0,0.477266,-4.23507,-0.826221,0.477266,-4.15369,-1.62069,0.477266,-3.91269,-2.35288,0.477266,-3.52133,-2.99465,0.477266,-2.99465,-3.52133,0.477266,-2.35288,-3.91269,0.477266,-1.62069,-4.15369,0.477266,-0.826221,-4.23507,0.477266,-0,-4.15369,0.477266,0.826221,-3.91269,0.477266,1.62069,-3.52133,0.477266,2.35288,-2.99465,0.477266,2.99465,-2.35288,0.477266,3.52133,-1.62069,0.477266,3.9127,-0.82622,0.477266,4.15369,1e-06,0.477266,4.23507,0.826223,0.477266,4.15369,1.62069,0.477266,3.91269,2.35288,0.477266,3.52133,2.99465,0.477266,2.99464,3.52133,0.477266,2.35288,3.9127,0.477266,1.62069,4.1537,0.477266,0.826218,4.23507,0.477266,-4e-06,4.15369,0.477266,-0.826226,3.91269,0.477266,-1.6207,3.52133,0.477266,-2.35288,2.99464,0.477266,-2.99465,2.35288,0.477266,-3.52134,1.62069,0.477266,-3.9127,0.826215,0.477266,-4.1537],
    "normals":[0,0,-1,0,-0,-1,0,-0,-1,0,-0,-1,-0,-0,-1,-0,-0,-1,-0,-0,-1,0,-0,-1,0,-0,-1,0,-0,-1,-0,-0,-1,-0,-0,-1,-0,-0,-1,-0,-0,-1,0,-0,-1,-0,-0,-1,0,-0,-1,-0,-0,-1,0,-0,-1,-0,-0,-1,0,-0,-1,0,-0,-1,-0,-0,-1,0,-0,-1,-0,-0,-1,0,-0,-1,-0,-0,-1],
    "name":"CircleGeometry",
    "uvs":[[0.5,1,0.597545,0.990393,0.691342,0.96194,0.777785,0.915735,0.853553,0.853553,0.915735,0.777785,0.96194,0.691342,0.990393,0.597545,1,0.5,0.990393,0.402455,0.96194,0.308658,0.915735,0.222215,0.853553,0.146447,0.777785,0.084265,0.691342,0.03806,0.597545,0.009607,0.5,0,0.402455,0.009607,0.308658,0.03806,0.222215,0.084265,0.146446,0.146447,0.084265,0.222215,0.03806,0.308659,0.009607,0.402455,0,0.5,0.009607,0.597546,0.03806,0.691342,0.084266,0.777786,0.146447,0.853554,0.222215,0.915735,0.308659,0.96194,0.402456,0.990393]],
    "faces":[40,0,1,2,31,0,1,0,0,0,40,2,3,4,1,2,3,1,1,1,40,4,5,6,3,4,5,2,2,2,40,6,7,8,5,6,7,3,3,3,40,8,9,10,7,8,9,4,4,4,40,10,11,12,9,10,11,5,5,5,40,12,13,14,11,12,13,6,6,6,40,14,15,16,13,14,15,0,0,0,40,16,17,18,15,16,17,0,0,0,40,18,19,20,17,18,19,7,7,7,40,20,21,22,19,20,21,8,8,8,40,22,23,24,21,22,23,9,9,9,40,24,25,26,23,24,25,10,10,10,40,26,27,28,25,26,27,11,11,11,40,28,29,30,27,28,29,12,12,12,40,30,31,0,29,30,31,0,0,0,40,0,2,4,31,1,3,13,13,13,40,4,6,8,3,5,7,14,14,14,40,8,10,12,7,9,11,15,15,15,40,12,14,16,11,13,15,16,16,16,40,16,18,20,15,17,19,17,17,17,40,20,22,24,19,21,23,18,18,18,40,24,26,28,23,25,27,19,19,19,40,28,30,0,27,29,31,20,20,20,40,0,4,8,31,3,7,21,21,21,40,8,12,16,7,11,15,22,22,22,40,16,20,24,15,19,23,23,23,23,40,24,28,0,23,27,31,24,24,24,40,0,8,16,31,7,15,25,25,25,40,16,24,0,15,23,31,26,26,26],
    "metadata":{
        "type":"Geometry",
        "normals":27,
        "generator":"io_three",
        "uvs":1,
        "vertices":32,
        "faces":30,
        "version":3
    }
}